"","anger","anticipation","disgust","fear","joy","sadness","surprise","trust","negative","positive"
"2",0,0,0,0,0,0,0,0.5,0,0.5
"4",0.2,0,0,0,0.2,0,0,0,0.2,0.4
"5",0,0.166666666666667,0,0,0.166666666666667,0,0,0.333333333333333,0,0.333333333333333
"11",0,0,0,0.25,0.25,0,0,0.25,0,0.25
"12",0,0.333333333333333,0,0,0,0,0,0.333333333333333,0,0.333333333333333
"13",0,1,0,0,0,0,0,0,0,0
"14",0,0.0714285714285714,0,0,0.0714285714285714,0.0714285714285714,0.0714285714285714,0.285714285714286,0.214285714285714,0.214285714285714
"15",0,0,0,0,0,0,0,0.5,0.5,0
"16",0.142857142857143,0,0.142857142857143,0.285714285714286,0,0.142857142857143,0,0,0.285714285714286,0
"17",0,0.4,0,0,0.2,0,0,0.2,0,0.2
"20",0.166666666666667,0.166666666666667,0.166666666666667,0.166666666666667,0,0.166666666666667,0,0,0.166666666666667,0
"21",0,0,0,0,0,0,0,0,1,0
"22",0,0,0,0,0,0,0,0.5,0.25,0.25
"23",0,0,0,0,0,0,0,0,1,0
"25",0,0,0.333333333333333,0,0,0.333333333333333,0,0,0.333333333333333,0
"26",0,0,0,0,0,0.25,0,0.25,0.25,0.25
"27",0.0595238095238095,0.130952380952381,0.0595238095238095,0.0595238095238095,0.0833333333333333,0.107142857142857,0.0714285714285714,0.130952380952381,0.130952380952381,0.166666666666667
"28",0,0,0,0,0,0,0,0,0,1
"29",0.2,0.2,0,0.2,0,0.2,0,0,0.2,0
"30",0,0.142857142857143,0,0,0.285714285714286,0,0.142857142857143,0.142857142857143,0.142857142857143,0.142857142857143
"32",0.0740740740740741,0.111111111111111,0,0.111111111111111,0.111111111111111,0.0740740740740741,0.037037037037037,0.148148148148148,0.148148148148148,0.185185185185185
"36",0.111111111111111,0,0.111111111111111,0.111111111111111,0.111111111111111,0.111111111111111,0.111111111111111,0.111111111111111,0.111111111111111,0.111111111111111
"37",0,0,0,0,0.25,0,0.25,0.25,0,0.25
"39",0,0.111111111111111,0.037037037037037,0,0.148148148148148,0,0.037037037037037,0.148148148148148,0.148148148148148,0.37037037037037
"40",0,0,0,0,0,0,0,0,0.666666666666667,0.333333333333333
"41",0.117647058823529,0.0588235294117647,0.117647058823529,0.0588235294117647,0,0.176470588235294,0.0588235294117647,0.0588235294117647,0.176470588235294,0.176470588235294
"43",0.181818181818182,0.0909090909090909,0.0909090909090909,0.181818181818182,0,0.181818181818182,0,0,0.272727272727273,0
"44",0,0.333333333333333,0.166666666666667,0,0,0,0,0,0.166666666666667,0.333333333333333
"45",0.142857142857143,0,0.142857142857143,0.285714285714286,0,0.142857142857143,0,0,0.285714285714286,0
"46",0,0.25,0,0,0.25,0,0,0.25,0,0.25
"47",0.130434782608696,0.0869565217391304,0.0434782608695652,0.0434782608695652,0.0869565217391304,0.0434782608695652,0.0434782608695652,0.173913043478261,0.130434782608696,0.217391304347826
"48",0.0967741935483871,0.129032258064516,0.0645161290322581,0.0645161290322581,0.0645161290322581,0.0645161290322581,0.0645161290322581,0.129032258064516,0.0967741935483871,0.225806451612903
"49",0.181818181818182,0.0909090909090909,0.272727272727273,0,0,0.181818181818182,0,0,0.272727272727273,0
"50",0,0,0,0,0,0,0,0,1,0
"51",0,0.333333333333333,0,0,0,0,0,0.166666666666667,0,0.5
"52",0,0,0,0,0,0,0,0,0,1
"53",0.176470588235294,0.0588235294117647,0.117647058823529,0,0.0588235294117647,0.0588235294117647,0.0588235294117647,0.0882352941176471,0.176470588235294,0.205882352941176
"54",0,0.4,0,0,0.2,0,0,0.2,0,0.2
"55",0.0714285714285714,0.285714285714286,0,0.0714285714285714,0.142857142857143,0.0714285714285714,0,0.142857142857143,0.0714285714285714,0.142857142857143
"59",0,1,0,0,0,0,0,0,0,0
"60",0,0.111111111111111,0,0.111111111111111,0,0.111111111111111,0,0.277777777777778,0.222222222222222,0.166666666666667
"61",0.125,0,0.125,0.25,0,0.125,0,0.125,0.125,0.125
"63",0,0,0,0,0,0,0,0.5,0,0.5
"64",0.025,0.075,0.075,0.025,0.1,0.1,0.05,0.2,0.075,0.275
"65",0,1,0,0,0,0,0,0,0,0
"66",0,0.142857142857143,0.142857142857143,0.142857142857143,0,0.142857142857143,0,0,0.285714285714286,0.142857142857143
"70",0,0.2,0,0,0.2,0,0.2,0.2,0,0.2
"71",0,0,0,0,0.333333333333333,0,0,0.333333333333333,0,0.333333333333333
"72",0,1,0,0,0,0,0,0,0,0
"73",0.0714285714285714,0.107142857142857,0.107142857142857,0.0714285714285714,0.0357142857142857,0.0714285714285714,0.0357142857142857,0.142857142857143,0.142857142857143,0.214285714285714
"74",0,0,0,0,0,0,0,0,0,1
"75",0,0.181818181818182,0.0909090909090909,0,0.181818181818182,0,0.0909090909090909,0.272727272727273,0,0.181818181818182
"76",0.0967741935483871,0.0483870967741935,0.0806451612903226,0.112903225806452,0.0645161290322581,0.0967741935483871,0.0645161290322581,0.0806451612903226,0.225806451612903,0.129032258064516
"78",0.0952380952380952,0.0476190476190476,0.19047619047619,0.0952380952380952,0.0952380952380952,0.0952380952380952,0.0476190476190476,0.0952380952380952,0.142857142857143,0.0952380952380952
"79",0,0,0,0,0,0,0,0,0,1
"80",0,1,0,0,0,0,0,0,0,0
"83",0,0,0,0,0.5,0,0,0,0,0.5
"84",0,0,0,0,0.333333333333333,0,0,0,0,0.666666666666667
"85",0,0,0,0,0.333333333333333,0,0,0,0,0.666666666666667
"86",0,0,0,0.333333333333333,0,0.333333333333333,0,0,0.333333333333333,0
"87",0,0.2,0,0,0.2,0,0,0.2,0,0.4
"90",0,0,0,0,0,0,0,0,0,1
"91",0,0.136363636363636,0.0909090909090909,0.0909090909090909,0.136363636363636,0.136363636363636,0.0909090909090909,0.0454545454545455,0.136363636363636,0.136363636363636
"93",0,0,0.2,0.1,0,0.2,0.1,0.1,0.3,0
"94",0.0149253731343284,0.104477611940299,0.0298507462686567,0.0746268656716418,0.119402985074627,0.0597014925373134,0.0298507462686567,0.17910447761194,0.0895522388059701,0.298507462686567
"95",0,0.25,0,0.25,0,0,0,0.25,0.25,0
"96",0,0.166666666666667,0,0,0,0.333333333333333,0,0,0.333333333333333,0.166666666666667
"97",0,0,0,0,0.333333333333333,0,0,0.333333333333333,0,0.333333333333333
"98",0,0.2,0,0,0.2,0,0.2,0.2,0,0.2
"99",0.166666666666667,0,0,0,0.166666666666667,0,0.166666666666667,0.166666666666667,0.166666666666667,0.166666666666667
"102",0,0.25,0,0,0.25,0,0,0.25,0,0.25
"103",0,1,0,0,0,0,0,0,0,0
"104",0,1,0,0,0,0,0,0,0,0
"105",0,0.2,0,0,0.2,0,0.2,0.2,0,0.2
"107",0,0.0714285714285714,0.0714285714285714,0.142857142857143,0.142857142857143,0.0714285714285714,0,0.142857142857143,0.142857142857143,0.214285714285714
"108",0.2,0,0.2,0.2,0,0.2,0,0,0.2,0
"110",0,0.285714285714286,0,0,0.285714285714286,0,0,0.142857142857143,0,0.285714285714286
"111",0,0.333333333333333,0,0,0,0,0,0.333333333333333,0,0.333333333333333
"112",0,0,0,0,0,0,0,0,0,1
"113",0,0,0.333333333333333,0,0,0.333333333333333,0,0,0.333333333333333,0
"114",0,0,0,0,0,0.333333333333333,0.166666666666667,0,0.333333333333333,0.166666666666667
"115",0.25,0,0,0.25,0,0.25,0,0,0.25,0
"119",0.0526315789473684,0.105263157894737,0.0350877192982456,0.087719298245614,0.087719298245614,0.157894736842105,0.0701754385964912,0.0526315789473684,0.210526315789474,0.140350877192982
"120",0,1,0,0,0,0,0,0,0,0
"122",0,0.142857142857143,0,0.142857142857143,0,0,0,0.285714285714286,0.142857142857143,0.285714285714286
"123",0,1,0,0,0,0,0,0,0,0
"124",0,0,0,0,0.333333333333333,0,0.333333333333333,0,0,0.333333333333333
"126",0,0,0,0,0,0,0,0,1,0
"127",0.105263157894737,0.105263157894737,0.105263157894737,0.0526315789473684,0.105263157894737,0.105263157894737,0.105263157894737,0.0526315789473684,0.105263157894737,0.157894736842105
"128",0,0,0,0,0,0,0,0,0.5,0.5
"129",0,0,0,0,0,0,0,0.5,0,0.5
"130",0.2,0,0.2,0.2,0,0.2,0,0,0.2,0
"133",0,0,0,0,0.333333333333333,0,0,0.333333333333333,0,0.333333333333333
"134",0.0769230769230769,0,0.153846153846154,0.0769230769230769,0,0.153846153846154,0,0.0769230769230769,0.307692307692308,0.153846153846154
"135",0.0833333333333333,0.0833333333333333,0.0833333333333333,0.0833333333333333,0.0833333333333333,0.166666666666667,0.0833333333333333,0.0833333333333333,0.166666666666667,0.0833333333333333
"136",0.142857142857143,0,0.142857142857143,0.142857142857143,0,0.142857142857143,0,0.142857142857143,0.285714285714286,0
"137",0.119402985074627,0.0746268656716418,0.0597014925373134,0.104477611940299,0.104477611940299,0.0895522388059701,0.0447761194029851,0.104477611940299,0.17910447761194,0.119402985074627
"138",0.125,0.125,0.125,0.125,0.125,0,0,0,0.125,0.25
"139",0,0,0,0,0,0,0,0.333333333333333,0.333333333333333,0.333333333333333
"140",0.0588235294117647,0.117647058823529,0.0588235294117647,0.0588235294117647,0.117647058823529,0.0588235294117647,0.0588235294117647,0.176470588235294,0.117647058823529,0.176470588235294
"142",0,0.2,0,0,0.2,0,0.2,0.2,0,0.2
"144",0,0.125,0,0.125,0,0.125,0,0,0.25,0.375
"145",0.142857142857143,0,0.142857142857143,0.142857142857143,0,0.142857142857143,0,0.0714285714285714,0.214285714285714,0.142857142857143
"146",0,0.25,0,0,0.125,0.125,0,0.25,0,0.25
"147",0.142857142857143,0.142857142857143,0,0.142857142857143,0,0.142857142857143,0,0,0.142857142857143,0.285714285714286
"149",0.125,0.125,0.125,0.125,0.125,0.125,0,0,0.125,0.125
"151",0,0.25,0,0,0.25,0,0,0.25,0,0.25
"154",0,0,0,0,0.333333333333333,0,0,0.333333333333333,0,0.333333333333333
"156",0,0,0.25,0.25,0,0.25,0,0,0.25,0
"157",0.0555555555555556,0.0555555555555556,0,0.0555555555555556,0.111111111111111,0.0555555555555556,0,0.111111111111111,0.111111111111111,0.444444444444444
"159",0,0.25,0,0,0.25,0,0,0.25,0,0.25
"160",0,0.25,0,0,0.25,0,0.125,0.125,0,0.25
"161",0,0.125,0,0,0,0.125,0.125,0.125,0.125,0.375
"163",0.166666666666667,0,0.166666666666667,0.166666666666667,0,0.166666666666667,0,0,0.333333333333333,0
"164",0,0,0,0,0.333333333333333,0,0,0.333333333333333,0,0.333333333333333
"165",0,0.166666666666667,0,0.166666666666667,0.166666666666667,0,0.166666666666667,0.166666666666667,0,0.166666666666667
"166",0.25,0,0.25,0,0,0,0,0,0.5,0
"167",0.0666666666666667,0.0777777777777778,0.1,0.0777777777777778,0.0888888888888889,0.0888888888888889,0.0333333333333333,0.0777777777777778,0.177777777777778,0.211111111111111
"170",0,0.25,0,0,0,0,0,0.25,0.25,0.25
"171",0.125,0,0.125,0.125,0.125,0.125,0,0.125,0.125,0.125
"172",0,0,0,0,0,0,0,0,0,1
"173",0,0.5,0,0.5,0,0,0,0,0,0
"174",0.333333333333333,0,0,0,0,0.333333333333333,0,0,0.333333333333333,0
"175",0,0,0,0,0,0,0,0.5,0,0.5
"178",0,0,0,0,0.5,0,0,0,0,0.5
"179",0,0.333333333333333,0,0.333333333333333,0,0,0,0,0.333333333333333,0
"180",0,0,0,0,0.25,0,0,0.25,0,0.5
"181",0,0.222222222222222,0,0,0.222222222222222,0.111111111111111,0.111111111111111,0,0,0.333333333333333
"182",0,0.111111111111111,0,0.111111111111111,0.222222222222222,0,0.111111111111111,0.222222222222222,0,0.222222222222222
"186",0,1,0,0,0,0,0,0,0,0
"187",0.113636363636364,0.0454545454545455,0.0681818181818182,0.113636363636364,0.0681818181818182,0.113636363636364,0.0227272727272727,0.0681818181818182,0.159090909090909,0.227272727272727
"188",0,0.333333333333333,0,0,0.166666666666667,0,0,0,0,0.5
"190",0,0.1,0,0.1,0.1,0.2,0,0.1,0.2,0.2
"191",0,1,0,0,0,0,0,0,0,0
"192",0.166666666666667,0.0833333333333333,0,0.166666666666667,0,0.166666666666667,0,0.0833333333333333,0.25,0.0833333333333333
"193",0,0.142857142857143,0,0,0.19047619047619,0.0952380952380952,0.0952380952380952,0.142857142857143,0.0476190476190476,0.285714285714286
"195",0,0,0,0,0,0.333333333333333,0,0.333333333333333,0.333333333333333,0
"196",0.142857142857143,0,0.142857142857143,0.285714285714286,0,0.142857142857143,0,0,0.285714285714286,0
"198",0,0,0,0,0,0,0,0,0,1
"199",0,0.142857142857143,0,0.142857142857143,0.142857142857143,0,0,0.285714285714286,0.142857142857143,0.142857142857143
"201",0,0.5,0,0,0,0,0.5,0,0,0
"202",0,0.333333333333333,0,0,0,0,0.333333333333333,0.166666666666667,0,0.166666666666667
"203",0.142857142857143,0.142857142857143,0.0714285714285714,0.0714285714285714,0.0714285714285714,0,0.0714285714285714,0.0714285714285714,0.142857142857143,0.214285714285714
"205",0,0,0,0,0.333333333333333,0,0,0.333333333333333,0,0.333333333333333
"208",0,0,0.5,0,0,0,0,0,0.5,0
"209",0.0909090909090909,0.0909090909090909,0.0606060606060606,0.106060606060606,0.0757575757575758,0.0454545454545455,0.0303030303030303,0.166666666666667,0.166666666666667,0.166666666666667
"210",0,0,0,0.5,0,0,0,0,0.5,0
"211",0.2,0,0.1,0.2,0.1,0.1,0,0,0.2,0.1
"213",0,0.25,0,0.25,0,0,0,0.25,0.25,0
"214",0,0.166666666666667,0,0,0.166666666666667,0,0,0.333333333333333,0,0.333333333333333
"215",0,0,0,0,0,0,0,0,0,1
"216",0,0,0,0,0,0,0,0.5,0,0.5
"217",0.2,0,0.2,0.2,0,0.2,0,0,0.2,0
"218",0,0,0,0,0.5,0,0,0,0,0.5
"219",0,0.166666666666667,0,0,0.166666666666667,0.166666666666667,0.166666666666667,0,0,0.333333333333333
"220",0,0.2,0,0,0.2,0,0,0.4,0,0.2
"221",0,1,0,0,0,0,0,0,0,0
"222",1,0,0,0,0,0,0,0,0,0
"223",0.25,0,0,0.25,0,0.25,0,0,0.25,0
"226",0,0,0,0,0.333333333333333,0,0,0.333333333333333,0,0.333333333333333
"228",0.25,0.25,0,0,0.25,0,0,0,0,0.25
"229",0,0,0,0,0,0,0,0,0,1
"230",0,0.166666666666667,0,0,0.333333333333333,0,0.166666666666667,0,0,0.333333333333333
"231",0,0.272727272727273,0,0,0.181818181818182,0,0.181818181818182,0.0909090909090909,0,0.272727272727273
"232",0.142857142857143,0,0.142857142857143,0.142857142857143,0,0.142857142857143,0.142857142857143,0,0.285714285714286,0
"233",0,0,0,0,0.25,0,0,0.25,0,0.5
"235",0,0,0,0,0,0,0,0.5,0,0.5
"236",0,0,0,0,0.333333333333333,0,0,0.333333333333333,0,0.333333333333333
"238",0,0,0,0,0,0,0,0.5,0,0.5
"241",0,0.125,0,0.125,0.125,0,0,0.125,0.125,0.375
"242",0,0,0,0,0.333333333333333,0,0,0,0.333333333333333,0.333333333333333
"243",0,0.178571428571429,0,0,0.25,0.0357142857142857,0.0714285714285714,0.178571428571429,0.0714285714285714,0.214285714285714
"244",0,0.222222222222222,0,0,0.222222222222222,0,0,0.111111111111111,0,0.444444444444444
"248",0.0842105263157895,0.105263157894737,0.105263157894737,0.0736842105263158,0.0736842105263158,0.0947368421052632,0.0315789473684211,0.105263157894737,0.157894736842105,0.168421052631579
"249",0,0.285714285714286,0,0.142857142857143,0.142857142857143,0,0,0.142857142857143,0.142857142857143,0.142857142857143
"250",0,0,0,0,0,0,0,0.5,0,0.5
"251",0,0,0,0,0,0,0,0,0,1
"253",0,0.166666666666667,0,0,0.333333333333333,0,0,0.166666666666667,0,0.333333333333333
"255",0.1,0.133333333333333,0.0333333333333333,0.133333333333333,0,0.133333333333333,0.0333333333333333,0,0.333333333333333,0.1
"256",0,0.4,0,0,0.2,0,0,0.2,0,0.2
"257",0,0,0,0,0,0,0,0.333333333333333,0,0.666666666666667
"259",0,0,0,0,0.5,0,0,0,0,0.5
"262",0,0,0,0,0,0.25,0.25,0,0.25,0.25
"263",0,0,0,0,0,0.333333333333333,0.333333333333333,0,0.333333333333333,0
"264",0,0.25,0,0,0.25,0,0,0.25,0,0.25
"267",0,0.153846153846154,0,0.0769230769230769,0,0,0.0769230769230769,0.307692307692308,0.230769230769231,0.153846153846154
"271",0.2,0,0.2,0.2,0,0.1,0,0,0.2,0.1
"272",0,0.15,0,0.1,0.1,0,0.05,0.3,0,0.3
"273",0,1,0,0,0,0,0,0,0,0
"274",0,0,0,0,0,0.333333333333333,0,0,0.333333333333333,0.333333333333333
"275",0,0,0,0.333333333333333,0,0.333333333333333,0,0,0.333333333333333,0
"276",0,0,0,0,0,0,0.5,0,0.5,0
"277",0,0,0,0,0.333333333333333,0,0,0.333333333333333,0,0.333333333333333
"279",0,0,0,0,0.333333333333333,0,0,0,0,0.666666666666667
"280",0,0,0,0,0,0,0,0,0,1
"281",0,0.25,0,0,0,0,0,0.25,0.25,0.25
"282",0,0,0,0,0.5,0,0,0,0,0.5
"284",0.2,0,0,0.2,0,0.2,0,0,0.4,0
"285",0,0,0,0,0,0,0,0,1,0
"286",0,0.25,0,0,0.125,0.125,0.125,0,0,0.375
"287",0,0,0,0,0,0,0,0,0,1
"291",0,0,0,0,0.5,0,0,0,0,0.5
"294",0.142857142857143,0.142857142857143,0,0.142857142857143,0,0,0,0.142857142857143,0.428571428571429,0
"296",0.08,0.0666666666666667,0.08,0.106666666666667,0.08,0.0933333333333333,0.04,0.08,0.186666666666667,0.186666666666667
"297",0,0,0,0,0.25,0,0,0.25,0.25,0.25
"299",0,0,0,0,0,0,0,0,1,0
"300",0,0,0,0,0.5,0,0,0,0,0.5
"301",0,0.25,0,0,0.25,0,0,0.25,0,0.25
"303",0,0.125,0,0,0.125,0,0.125,0.25,0,0.375
"304",0,0,0,0,0,0,0,0,0,1
"305",0.125,0.0625,0,0.0625,0.0625,0,0.125,0.25,0.125,0.1875
"307",0,0,0.333333333333333,0,0,0.333333333333333,0,0,0,0.333333333333333
"309",0,0.5,0,0,0.25,0,0,0,0,0.25
"310",0,0.25,0.0833333333333333,0,0.0833333333333333,0,0.0833333333333333,0.166666666666667,0.166666666666667,0.166666666666667
"312",0.111111111111111,0.111111111111111,0,0.111111111111111,0.111111111111111,0,0.222222222222222,0.111111111111111,0.111111111111111,0.111111111111111
"313",0,0,0,0,0,0.5,0,0,0.5,0
"317",0,0.333333333333333,0,0,0,0,0,0.333333333333333,0.333333333333333,0
"318",0,0.222222222222222,0,0,0.222222222222222,0,0.111111111111111,0.222222222222222,0,0.222222222222222
"319",0,0.2,0,0,0.2,0.2,0.2,0,0,0.2
"320",0,0.142857142857143,0,0,0.142857142857143,0,0.142857142857143,0.142857142857143,0,0.428571428571429
"321",0.0588235294117647,0,0.0588235294117647,0.117647058823529,0,0.176470588235294,0,0.176470588235294,0.117647058823529,0.294117647058824
"322",0.0652173913043478,0.0652173913043478,0.108695652173913,0.0434782608695652,0.108695652173913,0.0869565217391304,0.0652173913043478,0.0652173913043478,0.239130434782609,0.152173913043478
"323",0,0,0,0,0,0,0,0,0,1
"324",0.25,0,0.25,0,0,0.25,0,0,0.25,0
"325",0,0,0.25,0,0,0,0,0.25,0.25,0.25
"326",0,0.166666666666667,0,0,0.166666666666667,0.166666666666667,0.166666666666667,0.166666666666667,0,0.166666666666667
"327",0.222222222222222,0.111111111111111,0.222222222222222,0.111111111111111,0,0.111111111111111,0,0,0.222222222222222,0
"328",0.333333333333333,0,0.333333333333333,0,0,0,0,0,0.333333333333333,0
"329",0.2,0,0.2,0.2,0,0.2,0,0,0.2,0
"330",0,0,0,0,0.333333333333333,0,0,0.333333333333333,0,0.333333333333333
"331",0,0,0,0,0,0,0.5,0.5,0,0
"332",0,1,0,0,0,0,0,0,0,0
"336",0,0.2,0,0,0.2,0,0.2,0.2,0,0.2
"338",0,0.2,0,0,0.2,0,0,0.3,0,0.3
"340",0.1,0.1,0.1,0,0.2,0,0.1,0.1,0.1,0.2
"342",0,0.0666666666666667,0.0666666666666667,0.0666666666666667,0.0666666666666667,0.2,0,0.133333333333333,0.2,0.2
"344",0.333333333333333,0,0,0,0,0.333333333333333,0,0,0.333333333333333,0
"345",0,0,0,0,0.5,0,0,0,0,0.5
"346",0,0,0,0,0,0,0,0.5,0,0.5
"348",0,0.25,0,0,0.166666666666667,0,0.0833333333333333,0.166666666666667,0,0.333333333333333
"349",0,0,0,0,0.4,0,0,0,0,0.6
"351",0.0646766169154229,0.109452736318408,0.0398009950248756,0.0796019900497512,0.0746268656716418,0.119402985074627,0.0447761194029851,0.0945273631840796,0.194029850746269,0.17910447761194
"352",0,0,0,0,0.5,0,0,0,0,0.5
"353",0,0,0,0,0.25,0,0,0.25,0.25,0.25
"356",0.125,0,0.125,0.125,0.125,0.125,0,0.125,0,0.25
"357",0.166666666666667,0,0.166666666666667,0.166666666666667,0,0.166666666666667,0.166666666666667,0,0.166666666666667,0
"359",0,0.5,0,0,0,0,0,0,0.5,0
"362",0,0.2,0,0,0.2,0,0.2,0.2,0,0.2
"363",0.25,0,0.25,0,0,0,0,0,0.5,0
"364",0,0,0,0,0,0,0,0,0,1
"365",0.153846153846154,0.0769230769230769,0.153846153846154,0.153846153846154,0.0769230769230769,0.0769230769230769,0,0.0769230769230769,0.153846153846154,0.0769230769230769
"367",0,0.333333333333333,0,0,0.166666666666667,0,0.166666666666667,0.166666666666667,0,0.166666666666667
"370",0.0909090909090909,0,0.181818181818182,0.0909090909090909,0.0909090909090909,0.0909090909090909,0,0.0909090909090909,0.272727272727273,0.0909090909090909
"371",0,0.181818181818182,0.0909090909090909,0,0.0909090909090909,0.0909090909090909,0.0909090909090909,0.0909090909090909,0,0.363636363636364
"373",0,0,0,0,0,0,0,0,0,1
"374",0,0,0,0.166666666666667,0.333333333333333,0,0.166666666666667,0,0,0.333333333333333
"382",0,0,0,0,0.333333333333333,0,0,0,0,0.666666666666667
"383",0,0.25,0,0,0.25,0,0,0.25,0,0.25
"384",0,0,0,0,0,0,0,0,0,1
"385",0,0,0,0,0,0,0,0,0,1
"387",0,0,0,0,0,0,0,1,0,0
"388",0.142857142857143,0,0.142857142857143,0.142857142857143,0,0.142857142857143,0,0.142857142857143,0.142857142857143,0.142857142857143
"389",0,0,0,0,0.5,0,0,0,0,0.5
"390",0,0,0,0,0.333333333333333,0,0.333333333333333,0,0,0.333333333333333
"391",0.0909090909090909,0.0909090909090909,0.181818181818182,0.0909090909090909,0,0.0909090909090909,0,0.0909090909090909,0.181818181818182,0.181818181818182
"392",0,0,0,0,0.5,0,0,0,0,0.5
"393",0.1875,0,0.125,0.0625,0,0.25,0,0,0.375,0
"394",0,0,0,0,0,0,0,0,0,1
"395",0,0,0,0,0,0,0,0.333333333333333,0,0.666666666666667
"396",0,0,0,0.0769230769230769,0.0769230769230769,0,0,0.230769230769231,0.230769230769231,0.384615384615385
"397",0,0,0,0,0.25,0,0,0.5,0,0.25
"401",0.125,0.125,0.125,0.125,0,0.125,0,0,0.125,0.25
"402",0.107142857142857,0.0714285714285714,0.0714285714285714,0.0714285714285714,0.0357142857142857,0.0714285714285714,0.0357142857142857,0.142857142857143,0.142857142857143,0.25
"403",0,0.166666666666667,0,0,0.166666666666667,0,0.166666666666667,0.333333333333333,0,0.166666666666667
"404",0.2,0,0.2,0.2,0,0.2,0,0,0.2,0
"405",0,0,0,0,0.5,0,0,0,0,0.5
"408",0,0,0,0,0.25,0,0,0.25,0,0.5
"409",0,0.25,0,0,0.25,0,0,0.25,0,0.25
"410",0,1,0,0,0,0,0,0,0,0
"413",0.111111111111111,0.0555555555555556,0.0555555555555556,0.111111111111111,0.0555555555555556,0.0555555555555556,0.0555555555555556,0.166666666666667,0.166666666666667,0.166666666666667
"414",0.25,0,0,0,0.25,0,0,0,0.5,0
"416",0,1,0,0,0,0,0,0,0,0
"420",0,0,0,0,0,0.5,0,0,0.5,0
"422",0,0,0,0,0.333333333333333,0,0.333333333333333,0,0,0.333333333333333
"423",0,0,0,0,0.333333333333333,0,0,0,0,0.666666666666667
"424",0.142857142857143,0,0.142857142857143,0.142857142857143,0.142857142857143,0,0,0.142857142857143,0.142857142857143,0.142857142857143
"425",0,0,0,0,0,0,0,0.5,0,0.5
"427",0,0,0,0.333333333333333,0,0.333333333333333,0,0,0.333333333333333,0
"429",0,0,0,0,0,0,0,0,0,1
"431",0,0,0,0,0.5,0,0,0,0,0.5
"432",0,0,0,0,0.333333333333333,0,0,0.333333333333333,0,0.333333333333333
"433",0,0,0,0,0.333333333333333,0,0,0,0,0.666666666666667
"434",0,0,0,0,0.333333333333333,0,0,0,0,0.666666666666667
"435",0,0,0,0,0.333333333333333,0,0,0,0.333333333333333,0.333333333333333
"437",0,0,0,0,0,0,0,0.5,0,0.5
"439",0.0555555555555556,0.111111111111111,0.111111111111111,0.0555555555555556,0.111111111111111,0.0555555555555556,0.166666666666667,0.111111111111111,0.111111111111111,0.111111111111111
"440",0,0,0,0,0.333333333333333,0,0,0.333333333333333,0,0.333333333333333
"442",0,1,0,0,0,0,0,0,0,0
"443",0.333333333333333,0.333333333333333,0,0,0,0,0,0,0.333333333333333,0
"445",0,0,0,0,0.25,0,0,0.25,0,0.5
"446",0,0,0,0,0,0,0,0.5,0,0.5
"448",0.5,0.5,0,0,0,0,0,0,0,0
"449",0,0.166666666666667,0,0,0.166666666666667,0,0,0.333333333333333,0,0.333333333333333
"450",0,0.272727272727273,0.0909090909090909,0,0.181818181818182,0,0.0909090909090909,0.181818181818182,0,0.181818181818182
"451",0,0,0,0,0,0,0,0,0,1
"452",0,0.25,0,0,0.25,0,0,0.25,0,0.25
"453",0,0.0833333333333333,0,0.0833333333333333,0.166666666666667,0,0,0.333333333333333,0.0833333333333333,0.25
"454",0,0.25,0,0,0.25,0,0.125,0.125,0,0.25
"455",0,0.6,0,0,0.2,0,0,0,0,0.2
"456",0.5,0,0,0,0,0,0,0,0.5,0
"457",0.111111111111111,0.222222222222222,0.111111111111111,0.111111111111111,0.111111111111111,0.111111111111111,0,0,0.111111111111111,0.111111111111111
"459",0.166666666666667,0,0,0.333333333333333,0,0.166666666666667,0,0,0.333333333333333,0
"462",0,1,0,0,0,0,0,0,0,0
"463",0,0,0,0,0,0,0,0,0,1
"464",0,1,0,0,0,0,0,0,0,0
"465",0.0416666666666667,0.166666666666667,0,0.0833333333333333,0.125,0.0833333333333333,0,0.125,0.166666666666667,0.208333333333333
"466",0,0.166666666666667,0,0,0.166666666666667,0,0.166666666666667,0.333333333333333,0,0.166666666666667
"467",0,0.25,0,0,0.25,0,0,0.25,0,0.25
"468",0,0,0,0,0,0,0,0,0,1
"469",0,0,0,0.333333333333333,0,0.333333333333333,0,0,0.333333333333333,0
"470",0,0.166666666666667,0,0,0.166666666666667,0,0.166666666666667,0.166666666666667,0,0.333333333333333
"471",0,0,0,0,0,0.333333333333333,0,0.333333333333333,0.333333333333333,0
"472",0,0,0,0,0,0,0,0,0,1
"473",0,0,0,0,0.333333333333333,0,0,0.333333333333333,0,0.333333333333333
"475",0,0.25,0,0,0.0833333333333333,0,0.0833333333333333,0.25,0,0.333333333333333
"476",0,0,0,0,0,0,0,0.5,0,0.5
"477",0,0.214285714285714,0.0714285714285714,0,0.142857142857143,0,0,0.214285714285714,0,0.357142857142857
"478",0,0,0,0,0.333333333333333,0,0,0.333333333333333,0,0.333333333333333
"479",0,0,0,0.333333333333333,0,0.333333333333333,0,0,0.333333333333333,0
"483",0,0,0,0,0.333333333333333,0,0,0.333333333333333,0,0.333333333333333
"484",0,0.5,0,0,0,0,0,0,0.25,0.25
"485",0,0,0.5,0,0,0,0,0,0.5,0
"486",0,0.285714285714286,0,0,0.142857142857143,0,0,0.285714285714286,0,0.285714285714286
"487",0,0,0,0,0.333333333333333,0,0.333333333333333,0,0,0.333333333333333
"489",0,0.25,0,0,0.25,0,0.25,0,0,0.25
"490",0,0,0,0,0.285714285714286,0,0.142857142857143,0.142857142857143,0,0.428571428571429
"492",0,0,0.2,0,0,0.2,0,0.2,0.2,0.2
"493",0.125,0,0.125,0.125,0.125,0.125,0,0,0.125,0.25
"496",0,0,0,0,0,0,0,0.5,0,0.5
"500",0,0.25,0,0.25,0,0,0,0.25,0.25,0
"501",0,0.125,0,0,0.25,0.125,0,0,0,0.5
"502",0,0,0,0,0.5,0,0,0,0,0.5
"503",0,0,0,0,0,0,0,1,0,0
"504",0,0,0,0,0,0,0,0.5,0,0.5
"505",0,0,0,0,0,0,0,0,0,1
"506",0,0,0,0,0.333333333333333,0,0,0.333333333333333,0,0.333333333333333
"507",0,0.2,0,0,0.2,0,0.1,0.3,0,0.2
"508",0.2,0,0.2,0.2,0,0.2,0,0,0.2,0
"509",0,0,0,0,0,0.25,0.25,0,0.25,0.25
"510",0,0.25,0,0,0.25,0,0.25,0,0,0.25
"511",0,0.166666666666667,0.166666666666667,0,0.166666666666667,0,0.166666666666667,0.166666666666667,0,0.166666666666667
"512",0,0.333333333333333,0,0,0,0,0,0.333333333333333,0,0.333333333333333
"514",0.1,0,0,0.2,0.2,0,0,0.1,0,0.4
"515",0,0.333333333333333,0,0,0,0,0,0.333333333333333,0,0.333333333333333
"517",0,0,0,0,0,0,0,0,0,1
"518",0,0,0,0,0.3,0,0.2,0.2,0,0.3
"520",0,0.333333333333333,0,0,0,0,0,0.333333333333333,0,0.333333333333333
"521",0,0,0,0,0.5,0,0,0,0,0.5
"522",0,0.4,0,0,0.2,0,0,0.2,0,0.2
